"VESSEL","STATION","LAT_DD","LON_DD","SPP_LABS","WEIGHT","COUNT"
"Vesteraalen","N1",57.794907,-164.038592,"Other",2.52,10.7751196172249
"Vesteraalen","N1",57.794907,-164.038592,"RockSole",2.43,67.0344827586207
"Vesteraalen","N1",57.794907,-164.038592,"StarryFlounder",1.35,4
"Vesteraalen","N1",57.794907,-164.038592,"YellowfinSole",0.65,6
"Vesteraalen","N10",56.301562,-164.015585,"Halibut",1.46,2
"Vesteraalen","N10",56.301562,-164.015585,"Other",87.5267436594203,159.670644790414
"Vesteraalen","N10",56.301562,-164.015585,"PacificCod",36.28,24.0863070539419
"Vesteraalen","N10",56.301562,-164.015585,"Pollock",70.22,247.689594356261
"Vesteraalen","N10",56.301562,-164.015585,"RockSole",14.8932563405797,56.6014492753623
"Vesteraalen","N11",56.135481,-164.013143,"Halibut",2.62,1
"Vesteraalen","N11",56.135481,-164.013143,"Other",58.1,122.525801656403
"Vesteraalen","N11",56.135481,-164.013143,"PacificCod",54.46,17.8909329829172
"Vesteraalen","N11",56.135481,-164.013143,"Pollock",72.07,142.149901380671
"Vesteraalen","N11",56.135481,-164.013143,"RockSole",40.84,146.379928315412
"Vesteraalen","N11",56.135481,-164.013143,"YellowfinSole",1.01,3
"Vesteraalen","N12",55.969366,-164.010723,"Halibut",4.06,2
"Vesteraalen","N12",55.969366,-164.010723,"Other",60.33,30.7908787541713
"Vesteraalen","N12",55.969366,-164.010723,"PacificCod",20.21,33.9404580152672
"Vesteraalen","N12",55.969366,-164.010723,"Pollock",26.64,69.9212598425197
"Vesteraalen","N12",55.969366,-164.010723,"RockSole",29.09,114.078431372549
"Vesteraalen","N12",55.969366,-164.010723,"YellowfinSole",0.71,1
"Vesteraalen","N13",55.803215,-164.008325,"Halibut",15.02,3
"Vesteraalen","N13",55.803215,-164.008325,"Other",53.66,114.089793488876
"Vesteraalen","N13",55.803215,-164.008325,"PacificCod",10.84,10
"Vesteraalen","N13",55.803215,-164.008325,"Pollock",474.94,922.21359223301
"Vesteraalen","N13",55.803215,-164.008325,"RockSole",6.41,23.5661764705882
"Vesteraalen","N14",55.637028,-164.005948,"Halibut",39.25,27.6019690576653
"Vesteraalen","N14",55.637028,-164.005948,"Other",213.11,441.122305754
"Vesteraalen","N14",55.637028,-164.005948,"PacificCod",40,26.504693539481
"Vesteraalen","N14",55.637028,-164.005948,"Pollock",25.82,117.363636363636
"Vesteraalen","N14",55.637028,-164.005948,"RockSole",1.62,5
"Vesteraalen","N15",55.470803,-164.003592,"Halibut",3.79,4.71295336787565
"Vesteraalen","N15",55.470803,-164.003592,"Other",102.97,NA
"Vesteraalen","N15",55.470803,-164.003592,"PacificCod",26.74,26.370808678501
"Vesteraalen","N15",55.470803,-164.003592,"Pollock",101.74,149.617647058824
"Vesteraalen","N15",55.470803,-164.003592,"RockSole",1.4,4
"Vesteraalen","N16",55.30454,-164.001257,"Halibut",0.58,1
"Vesteraalen","N16",55.30454,-164.001257,"Other",76.9001507159005,206.528259231349
"Vesteraalen","N16",55.30454,-164.001257,"PacificCod",16.11,12
"Vesteraalen","N16",55.30454,-164.001257,"Pollock",64.43,95.0294985250737
"Vesteraalen","N16",55.30454,-164.001257,"RockSole",44.3598492840995,102.764129615674
"Vesteraalen","N17",55.138237,-163.998942,"Other",14.36,38.723595505618
"Vesteraalen","N17",55.138237,-163.998942,"PacificCod",28.48,18.0507042253521
"Vesteraalen","N17",55.138237,-163.998942,"Pollock",7.41,7
"Vesteraalen","N17",55.138237,-163.998942,"RockSole",62.06,201.970414201183
"Vesteraalen","N2",57.62909,-164.03594,"Other",16.99,48.5492154065621
"Vesteraalen","N2",57.62909,-164.03594,"RockSole",1.96,39.2
"Vesteraalen","N2",57.62909,-164.03594,"StarryFlounder",5.49,15.8365384615385
"Vesteraalen","N2",57.62909,-164.03594,"YellowfinSole",0.9,7
"Vesteraalen","N3",57.463247,-164.033313,"Other",61.12,122.311165434375
"Vesteraalen","N3",57.463247,-164.033313,"Pollock",1.36,1
"Vesteraalen","N3",57.463247,-164.033313,"RockSole",9.13,71.328125
"Vesteraalen","N3",57.463247,-164.033313,"StarryFlounder",14.09,25.5759075907591
"Vesteraalen","N3",57.463247,-164.033313,"YellowfinSole",15.1,44.6745562130178
"Vesteraalen","N4",57.297379,-164.03071,"Other",39.41,93.0972626674432
"Vesteraalen","N4",57.297379,-164.03071,"Pollock",8.67,7
"Vesteraalen","N4",57.297379,-164.03071,"RockSole",17.88,203.181818181818
"Vesteraalen","N4",57.297379,-164.03071,"StarryFlounder",1.83,3
"Vesteraalen","N4",57.297379,-164.03071,"YellowfinSole",11.42,28.2362637362637
"Vesteraalen","N5",57.131484,-164.028131,"Other",31.76,46.4432132963989
"Vesteraalen","N5",57.131484,-164.028131,"PacificCod",0.38,6
"Vesteraalen","N5",57.131484,-164.028131,"Pollock",39.37,43.907063197026
"Vesteraalen","N5",57.131484,-164.028131,"RockSole",29.25,96.8543046357616
"Vesteraalen","N5",57.131484,-164.028131,"StarryFlounder",3.11,5
"Vesteraalen","N5",57.131484,-164.028131,"YellowfinSole",30.77,90.7669616519174
"Vesteraalen","N6",56.96556,-164.025575,"Other",16.3086046511628,34.2790697674419
"Vesteraalen","N6",56.96556,-164.025575,"PacificCod",9.07,8
"Vesteraalen","N6",56.96556,-164.025575,"Pollock",44.75,67.3321759259259
"Vesteraalen","N6",56.96556,-164.025575,"RockSole",30.4658139534884,100.093023255814
"Vesteraalen","N6",56.96556,-164.025575,"YellowfinSole",75.9455813953488,237.329941860465
"Vesteraalen","N7",56.799607,-164.023043,"Other",21.4394141001645,40.9613748511145
"Vesteraalen","N7",56.799607,-164.023043,"PacificCod",6.37,18
"Vesteraalen","N7",56.799607,-164.023043,"Pollock",78.52,167.712621359223
"Vesteraalen","N7",56.799607,-164.023043,"RockSole",101.770919970506,336.989801226843
"Vesteraalen","N7",56.799607,-164.023043,"YellowfinSole",82.650665929329,248.89780946395
"Vesteraalen","N8",56.633624,-164.020535,"Other",28.5728870292887,NA
"Vesteraalen","N8",56.633624,-164.020535,"PacificCod",16.72,18.8680555555556
"Vesteraalen","N8",56.633624,-164.020535,"Pollock",62.59,145.558139534884
"Vesteraalen","N8",56.633624,-164.020535,"RockSole",35.9782426778243,110.137477585176
"Vesteraalen","N8",56.633624,-164.020535,"YellowfinSole",17.208870292887,43.347280334728
"Vesteraalen","N9",56.467609,-164.018048,"Halibut",0.61,1
"Vesteraalen","N9",56.467609,-164.018048,"Other",30.06,32.7172011661808
"Vesteraalen","N9",56.467609,-164.018048,"PacificCod",89.79,81.0604166666667
"Vesteraalen","N9",56.467609,-164.018048,"Pollock",110.33,844.869369369369
"Vesteraalen","N9",56.467609,-164.018048,"RockSole",15.65,61.6141732283465
"Vesteraalen","N9",56.467609,-164.018048,"YellowfinSole",2.36,7
"Vesteraalen","O1",57.799886,-163.570139,"Other",2.1,25
"Vesteraalen","O1",57.799886,-163.570139,"PacificCod",0.07,2
"Vesteraalen","O1",57.799886,-163.570139,"RockSole",1.7,43.9655172413793
"Vesteraalen","O1",57.799886,-163.570139,"StarryFlounder",0.77,3
"Vesteraalen","O1",57.799886,-163.570139,"YellowfinSole",2.32,32
"Vesteraalen","O10",56.306498,-163.566152,"Other",100.018422712934,NA
"Vesteraalen","O10",56.306498,-163.566152,"PacificCod",14.41,16.3378684807256
"Vesteraalen","O10",56.306498,-163.566152,"Pollock",151.96,195.896869244936
"Vesteraalen","O10",56.306498,-163.566152,"RockSole",16.751167192429,69.2870662460568
"Vesteraalen","O10",56.306498,-163.566152,"YellowfinSole",3.79041009463722,8.15141955835962
"Vesteraalen","O11",56.140413,-163.565729,"Halibut",4.08,2
"Vesteraalen","O11",56.140413,-163.565729,"Other",62.4305712815234,213.177560473495
"Vesteraalen","O11",56.140413,-163.565729,"PacificCod",10.37,13.0714285714286
"Vesteraalen","O11",56.140413,-163.565729,"Pollock",64.97,128.537769784173
"Vesteraalen","O11",56.140413,-163.565729,"RockSole",85.4994287184766,293.812469822944
"Vesteraalen","O12",55.974294,-163.56531,"Halibut",2.41,4
"Vesteraalen","O12",55.974294,-163.56531,"Other",54.94,101.244486189383
"Vesteraalen","O12",55.974294,-163.56531,"PacificCod",23.98,49.4432989690722
"Vesteraalen","O12",55.974294,-163.56531,"Pollock",60.46,116.768240343348
"Vesteraalen","O12",55.974294,-163.56531,"RockSole",70.63,265.526315789474
"Vesteraalen","O13",55.808139,-163.564894,"Halibut",2.76,1
"Vesteraalen","O13",55.808139,-163.564894,"Other",134.403943661972,376.270406751423
"Vesteraalen","O13",55.808139,-163.564894,"PacificCod",18.62,10
"Vesteraalen","O13",55.808139,-163.564894,"Pollock",126.86,295.940902021773
"Vesteraalen","O13",55.808139,-163.564894,"RockSole",79.0088028169014,248.629099773466
"Vesteraalen","O13",55.808139,-163.564894,"YellowfinSole",5.26725352112676,6.58406690140845
"Vesteraalen","O14",55.641947,-163.564482,"Halibut",1.3,3
"Vesteraalen","O14",55.641947,-163.564482,"Other",115.753227176221,212.057013076806
"Vesteraalen","O14",55.641947,-163.564482,"PacificCod",29.48,33.0176
"Vesteraalen","O14",55.641947,-163.564482,"Pollock",30.76,41.7556561085973
"Vesteraalen","O14",55.641947,-163.564482,"RockSole",56.2767728237792,130.876215869254
"Vesteraalen","O15",55.475718,-163.564074,"GreatSculpin",1.09,1
"Vesteraalen","O15",55.475718,-163.564074,"Other",149.366834170854,479.846763055041
"Vesteraalen","O15",55.475718,-163.564074,"PacificCod",4.01,4
"Vesteraalen","O15",55.475718,-163.564074,"Pollock",41.54,50.5968331303289
"Vesteraalen","O15",55.475718,-163.564074,"RockSole",34.9547738693467,122.341708542714
"Vesteraalen","O15",55.475718,-163.564074,"StarryFlounder",26.3908542713568,8.73869346733668
"Vesteraalen","O15",55.475718,-163.564074,"YellowfinSole",5.76753768844221,8.73869346733668
"Vesteraalen","O16",55.309451,-163.563669,"GreatSculpin",5.86,3
"Vesteraalen","O16",55.309451,-163.563669,"Halibut",0.24,3
"Vesteraalen","O16",55.309451,-163.563669,"Other",1.15,5
"Vesteraalen","O16",55.309451,-163.563669,"PacificCod",14.74,44.6666666666667
"Vesteraalen","O16",55.309451,-163.563669,"Pollock",24.19,29.2857142857143
"Vesteraalen","O16",55.309451,-163.563669,"RockSole",63.08,246.40625
"Vesteraalen","O16",55.309451,-163.563669,"StarryFlounder",1.42,3
"Vesteraalen","O16",55.309451,-163.563669,"YellowfinSole",0.94,4
"Vesteraalen","O17",55.143145,-163.563268,"Other",13.06,22.7785234899329
"Vesteraalen","O17",55.143145,-163.563268,"RockSole",48.99,302.140969162996
"Vesteraalen","O17",55.143145,-163.563268,"StarryFlounder",23.81,50.8140243902439
"Vesteraalen","O2",57.634064,-163.569679,"Other",46.13,77.2122655731773
"Vesteraalen","O2",57.634064,-163.569679,"PacificCod",0.27,3
"Vesteraalen","O2",57.634064,-163.569679,"Pollock",0.04,2
"Vesteraalen","O2",57.634064,-163.569679,"RockSole",2.84,39.8130841121495
"Vesteraalen","O2",57.634064,-163.569679,"StarryFlounder",7.07,20.5922330097087
"Vesteraalen","O2",57.634064,-163.569679,"YellowfinSole",1.74,12.0833333333333
"Vesteraalen","O3",57.468216,-163.569224,"Halibut",0.52,1
"Vesteraalen","O3",57.468216,-163.569224,"Other",72.6,149.478512360724
"Vesteraalen","O3",57.468216,-163.569224,"PacificCod",0.31,2
"Vesteraalen","O3",57.468216,-163.569224,"RockSole",11.19,119.418972332016
"Vesteraalen","O3",57.468216,-163.569224,"StarryFlounder",11.06,29.2866043613707
"Vesteraalen","O3",57.468216,-163.569224,"YellowfinSole",14.08,45.5057034220532
"Vesteraalen","O4",57.302343,-163.568773,"Other",63.9929325197416,103.892747145868
"Vesteraalen","O4",57.302343,-163.568773,"PacificCod",4.81,2
"Vesteraalen","O4",57.302343,-163.568773,"Pollock",3.79,4
"Vesteraalen","O4",57.302343,-163.568773,"RockSole",39.8140272792534,190.123163973963
"Vesteraalen","O4",57.302343,-163.568773,"StarryFlounder",26.3090344580043,23.3650394831299
"Vesteraalen","O4",57.302343,-163.568773,"YellowfinSole",15.2340057430007,32.7110552763819
"Vesteraalen","O5",57.136443,-163.568326,"GreatSculpin",2.85,1
"Vesteraalen","O5",57.136443,-163.568326,"Other",13.72,24
"Vesteraalen","O5",57.136443,-163.568326,"PacificCod",5.12,16.5755395683453
"Vesteraalen","O5",57.136443,-163.568326,"Pollock",5.93,5
"Vesteraalen","O5",57.136443,-163.568326,"RockSole",20.32,52.4694835680751
"Vesteraalen","O5",57.136443,-163.568326,"StarryFlounder",2.47,1
"Vesteraalen","O5",57.136443,-163.568326,"YellowfinSole",18.34,58.7551487414188
"Vesteraalen","O6",56.970514,-163.567883,"Other",2.7,1.8
"Vesteraalen","O6",56.970514,-163.567883,"PacificCod",4.13,41.3
"Vesteraalen","O6",56.970514,-163.567883,"Pollock",12.34,59.5176848874598
"Vesteraalen","O6",56.970514,-163.567883,"RockSole",15.54,37.7184466019417
"Vesteraalen","O6",56.970514,-163.567883,"StarryFlounder",0.82,1
"Vesteraalen","O6",56.970514,-163.567883,"YellowfinSole",7.56,10.2944680851064
"Vesteraalen","O7",56.804557,-163.567445,"Other",4.02,7
"Vesteraalen","O7",56.804557,-163.567445,"PacificCod",5.46,33.6398104265403
"Vesteraalen","O7",56.804557,-163.567445,"Pollock",29.62,46.0017256255393
"Vesteraalen","O7",56.804557,-163.567445,"RockSole",11.22,37.0630630630631
"Vesteraalen","O7",56.804557,-163.567445,"YellowfinSole",4.76,8
"Vesteraalen","O8",56.638569,-163.56701,"Other",27.52,62.8514040687365
"Vesteraalen","O8",56.638569,-163.56701,"PacificCod",13.74,25.9245283018868
"Vesteraalen","O8",56.638569,-163.56701,"Pollock",60.73,125.995850622407
"Vesteraalen","O8",56.638569,-163.56701,"RockSole",10.45,29.4366197183099
"Vesteraalen","O8",56.638569,-163.56701,"YellowfinSole",21,45.7516339869281
"Vesteraalen","O9",56.47255,-163.566579,"GreatSculpin",0.96,1
"Vesteraalen","O9",56.47255,-163.566579,"Halibut",1.42,3
"Vesteraalen","O9",56.47255,-163.566579,"Other",17.7202889150943,42.9310141509434
"Vesteraalen","O9",56.47255,-163.566579,"PacificCod",76.86,107.546641791045
"Vesteraalen","O9",56.47255,-163.566579,"Pollock",208.98,349.075723830735
"Vesteraalen","O9",56.47255,-163.566579,"RockSole",63.6184905660377,231.059893096989
"Vesteraalen","O9",56.47255,-163.566579,"YellowfinSole",22.1612205188679,87.7093160377358
"Vesteraalen","P1",57.799376,-163.101616,"Other",3.7,18
"Vesteraalen","P1",57.799376,-163.101616,"PacificCod",0.16,3
"Vesteraalen","P1",57.799376,-163.101616,"Pollock",0.26,20
"Vesteraalen","P1",57.799376,-163.101616,"RockSole",2.95,61.2264150943396
"Vesteraalen","P1",57.799376,-163.101616,"StarryFlounder",2.92,3
"Vesteraalen","P1",57.799376,-163.101616,"YellowfinSole",0.83,9
"Vesteraalen","P10",56.306008,-163.116655,"Halibut",1.82,1
"Vesteraalen","P10",56.306008,-163.116655,"Other",38.19,63.5897122083232
"Vesteraalen","P10",56.306008,-163.116655,"PacificCod",25.61,2.7970390146229
"Vesteraalen","P10",56.306008,-163.116655,"Pollock",17.25,NA
"Vesteraalen","P10",56.306008,-163.116655,"RockSole",28.5,91.031941031941
"Vesteraalen","P10",56.306008,-163.116655,"YellowfinSole",4.91,9
"Vesteraalen","P11",56.139925,-163.118252,"Halibut",0.44,1
"Vesteraalen","P11",56.139925,-163.118252,"Other",72.6645427553444,127.71080760095
"Vesteraalen","P11",56.139925,-163.118252,"PacificCod",5.84,3
"Vesteraalen","P11",56.139925,-163.118252,"Pollock",180.12,228.385460693153
"Vesteraalen","P11",56.139925,-163.118252,"RockSole",28.2987470308789,90.5077197149644
"Vesteraalen","P11",56.139925,-163.118252,"YellowfinSole",8.32671021377672,12.0676959619953
"Vesteraalen","P12",55.973808,-163.119833,"Other",113.862508361204,182.623188405797
"Vesteraalen","P12",55.973808,-163.119833,"PacificCod",4.31,5
"Vesteraalen","P12",55.973808,-163.119833,"Pollock",69.05,91.7842535787321
"Vesteraalen","P12",55.973808,-163.119833,"RockSole",144.637491638796,495.333875475329
"Vesteraalen","P13",55.807655,-163.121401,"GreatSculpin",4.69,2
"Vesteraalen","P13",55.807655,-163.121401,"Halibut",11.63,6
"Vesteraalen","P13",55.807655,-163.121401,"Other",103.473471502591,136.502285544383
"Vesteraalen","P13",55.807655,-163.121401,"PacificCod",6.67,3
"Vesteraalen","P13",55.807655,-163.121401,"Pollock",36.28,65.6453558504222
"Vesteraalen","P13",55.807655,-163.121401,"RockSole",91.9265284974093,329.485765223689
"Vesteraalen","P14",55.641466,-163.122955,"GreatSculpin",1.34,1
"Vesteraalen","P14",55.641466,-163.122955,"Halibut",1.36,6
"Vesteraalen","P14",55.641466,-163.122955,"Other",104.051713483146,273.608146067416
"Vesteraalen","P14",55.641466,-163.122955,"PacificCod",1,5.63380281690141
"Vesteraalen","P14",55.641466,-163.122955,"Pollock",10.5,11.7977528089888
"Vesteraalen","P14",55.641466,-163.122955,"RockSole",120.938511235955,924.370786516854
"Vesteraalen","P14",55.641466,-163.122955,"YellowfinSole",49.2997752808989,192.577247191011
"Vesteraalen","P16",55.308974,-163.126021,"Other",1.16,5
"Vesteraalen","P16",55.308974,-163.126021,"RockSole",1.56,32.0547945205479
"Vesteraalen","P16",55.308974,-163.126021,"StarryFlounder",0.42,2
"Vesteraalen","P16",55.308974,-163.126021,"YellowfinSole",0.01,1
"Vesteraalen","P2",57.633556,-163.103349,"Other",8.03,24.377581120944
"Vesteraalen","P2",57.633556,-163.103349,"PacificCod",0.02,1
"Vesteraalen","P2",57.633556,-163.103349,"Pollock",0.1,2
"Vesteraalen","P2",57.633556,-163.103349,"RockSole",3.16,77.0731707317073
"Vesteraalen","P2",57.633556,-163.103349,"StarryFlounder",0.88,2
"Vesteraalen","P2",57.633556,-163.103349,"YellowfinSole",1.01,8
"Vesteraalen","P3",57.467711,-163.105067,"Other",21.03,64.8330800130279
"Vesteraalen","P3",57.467711,-163.105067,"PacificCod",0.33,2
"Vesteraalen","P3",57.467711,-163.105067,"Pollock",0.06,9
"Vesteraalen","P3",57.467711,-163.105067,"RockSole",16.36,24.3142250530786
"Vesteraalen","P3",57.467711,-163.105067,"StarryFlounder",9.53,16.3371428571429
"Vesteraalen","P3",57.467711,-163.105067,"YellowfinSole",3.33,15
"Vesteraalen","P4",57.30184,-163.106768,"GreatSculpin",1.21,1
"Vesteraalen","P4",57.30184,-163.106768,"Other",33.9773598035203,88.8611370833962
"Vesteraalen","P4",57.30184,-163.106768,"PacificCod",0.14,2
"Vesteraalen","P4",57.30184,-163.106768,"Pollock",4.74,4
"Vesteraalen","P4",57.30184,-163.106768,"RockSole",17.0084404420794,124.149200307149
"Vesteraalen","P4",57.30184,-163.106768,"StarryFlounder",15.3112075317233,18.0556692591077
"Vesteraalen","P4",57.30184,-163.106768,"YellowfinSole",34.052992222677,80.6942943665333
"Vesteraalen","P5",57.135942,-163.108454,"Other",58.0648866799205,94.130182028397
"Vesteraalen","P5",57.135942,-163.108454,"Pollock",1.27,1
"Vesteraalen","P5",57.135942,-163.108454,"RockSole",40.7839045725646,149.57422214877
"Vesteraalen","P5",57.135942,-163.108454,"StarryFlounder",9.96007952286282,15.7264413518887
"Vesteraalen","P5",57.135942,-163.108454,"YellowfinSole",35.9611292246521,99.6007952286282
"Vesteraalen","P6",56.970016,-163.110125,"Other",17.0886078782453,34.4670528377815
"Vesteraalen","P6",56.970016,-163.110125,"PacificCod",0.06,4
"Vesteraalen","P6",56.970016,-163.110125,"Pollock",0.62,1
"Vesteraalen","P6",56.970016,-163.110125,"RockSole",94.7422157564906,793.407718157803
"Vesteraalen","P6",56.970016,-163.110125,"StarryFlounder",5.20484333034915,7.03357206803939
"Vesteraalen","P6",56.970016,-163.110125,"YellowfinSole",49.0943330349149,256.144346269122
"Vesteraalen","P7",56.804061,-163.11178,"Halibut",0.75,3
"Vesteraalen","P7",56.804061,-163.11178,"Other",43.6300735710243,NA
"Vesteraalen","P7",56.804061,-163.11178,"PacificCod",2.03,8
"Vesteraalen","P7",56.804061,-163.11178,"Pollock",0.11,14
"Vesteraalen","P7",56.804061,-163.11178,"RockSole",233.854623655914,948.059285091543
"Vesteraalen","P7",56.804061,-163.11178,"YellowfinSole",82.6953027730617,346.166383701188
"Vesteraalen","P8",56.638075,-163.11342,"GreatSculpin",7.95,4.18421052631579
"Vesteraalen","P8",56.638075,-163.11342,"Halibut",2.12,5
"Vesteraalen","P8",56.638075,-163.11342,"Other",25.4237075718016,53.1592689295039
"Vesteraalen","P8",56.638075,-163.11342,"PacificCod",12.09,22.9194312796209
"Vesteraalen","P8",56.638075,-163.11342,"Pollock",45.86,66.721629485936
"Vesteraalen","P8",56.638075,-163.11342,"RockSole",312.572976501305,1353.12976840392
"Vesteraalen","P8",56.638075,-163.11342,"YellowfinSole",30.2533159268929,133.864229765013
"Vesteraalen","P9",56.472058,-163.115045,"GreatSculpin",9.32,2
"Vesteraalen","P9",56.472058,-163.115045,"Other",52.3395429616088,90.654478976234
"Vesteraalen","P9",56.472058,-163.115045,"PacificCod",28.95,26.3421292083712
"Vesteraalen","P9",56.472058,-163.115045,"Pollock",142.7,179.722921914358
"Vesteraalen","P9",56.472058,-163.115045,"RockSole",65.2405118829982,266.287803604074
"Vesteraalen","P9",56.472058,-163.115045,"YellowfinSole",42.0299451553931,134.424131627057
"Vesteraalen","Q1",57.797112,-162.633129,"Other",1.42,44.5490196078431
"Vesteraalen","Q1",57.797112,-162.633129,"PacificCod",0.07,4
"Vesteraalen","Q1",57.797112,-162.633129,"RockSole",1.15,49.2857142857143
"Vesteraalen","Q1",57.797112,-162.633129,"StarryFlounder",1.66,2
"Vesteraalen","Q1",57.797112,-162.633129,"YellowfinSole",0.53,5.40816326530612
"Vesteraalen","Q10",56.303833,-162.667192,"Other",77.38,128.007273241141
"Vesteraalen","Q10",56.303833,-162.667192,"Pollock",27.34,36.5141903171953
"Vesteraalen","Q10",56.303833,-162.667192,"RockSole",75.42,216.413199426112
"Vesteraalen","Q10",56.303833,-162.667192,"StarryFlounder",8.49,3
"Vesteraalen","Q10",56.303833,-162.667192,"YellowfinSole",25.16,46.9402985074627
"Vesteraalen","Q11",56.137759,-162.670806,"Other",64.86,137.89918176505
"Vesteraalen","Q11",56.137759,-162.670806,"PacificCod",1.01,3
"Vesteraalen","Q11",56.137759,-162.670806,"Pollock",11.1,27
"Vesteraalen","Q11",56.137759,-162.670806,"RockSole",136.05,362.316910785619
"Vesteraalen","Q11",56.137759,-162.670806,"StarryFlounder",5.89,3
"Vesteraalen","Q11",56.137759,-162.670806,"YellowfinSole",3.98,8
"Vesteraalen","Q12",55.971651,-162.674389,"Other",49.6951826363155,135.224986765484
"Vesteraalen","Q12",55.971651,-162.674389,"PacificCod",3.84,7
"Vesteraalen","Q12",55.971651,-162.674389,"Pollock",170.94,282.545454545455
"Vesteraalen","Q12",55.971651,-162.674389,"RockSole",235.629539438857,829.681476897382
"Vesteraalen","Q12",55.971651,-162.674389,"StarryFlounder",12.5083112758073,8.45156167284277
"Vesteraalen","Q12",55.971651,-162.674389,"YellowfinSole",21.4669666490206,59.1609317098994
"Vesteraalen","Q13",55.805507,-162.677939,"GreatSculpin",1.62,1.90588235294118
"Vesteraalen","Q13",55.805507,-162.677939,"Halibut",0.41,4
"Vesteraalen","Q13",55.805507,-162.677939,"Other",11.4777884615385,38.7788461538462
"Vesteraalen","Q13",55.805507,-162.677939,"PacificCod",4.39,15
"Vesteraalen","Q13",55.805507,-162.677939,"Pollock",7.73,13
"Vesteraalen","Q13",55.805507,-162.677939,"RockSole",166.205769230769,1303.57466063348
"Vesteraalen","Q13",55.805507,-162.677939,"StarryFlounder",57.35125,41.0384615384615
"Vesteraalen","Q13",55.805507,-162.677939,"YellowfinSole",10.8751923076923,30.7788461538462
"Vesteraalen","Q14",55.639327,-162.681458,"GreatSculpin",0.32,1
"Vesteraalen","Q14",55.639327,-162.681458,"Halibut",0.33,5
"Vesteraalen","Q14",55.639327,-162.681458,"Other",1.56,2
"Vesteraalen","Q14",55.639327,-162.681458,"Pollock",0.14,9
"Vesteraalen","Q14",55.639327,-162.681458,"RockSole",19.25,146.748878923767
"Vesteraalen","Q14",55.639327,-162.681458,"StarryFlounder",7.53,9
"Vesteraalen","Q14",55.639327,-162.681458,"YellowfinSole",7.74,86
"Vesteraalen","Q15",55.473109,-162.684946,"GreatSculpin",0.15,2
"Vesteraalen","Q15",55.473109,-162.684946,"Other",3.32,26.5970149253731
"Vesteraalen","Q15",55.473109,-162.684946,"RockSole",2.79,68.8888888888889
"Vesteraalen","Q15",55.473109,-162.684946,"StarryFlounder",0.44,2
"Vesteraalen","Q15",55.473109,-162.684946,"YellowfinSole",5,67.5675675675676
"Vesteraalen","Q2",57.631302,-162.637056,"Other",0.86,20
"Vesteraalen","Q2",57.631302,-162.637056,"PacificCod",0.04,2
"Vesteraalen","Q2",57.631302,-162.637056,"Pollock",0.03,13
"Vesteraalen","Q2",57.631302,-162.637056,"RockSole",0.71,22
"Vesteraalen","Q2",57.631302,-162.637056,"StarryFlounder",0.28,1
"Vesteraalen","Q2",57.631302,-162.637056,"YellowfinSole",0.13,2
"Vesteraalen","Q3",57.465467,-162.640946,"Other",2.73,9.6030534351145
"Vesteraalen","Q3",57.465467,-162.640946,"Pollock",0.02,6
"Vesteraalen","Q3",57.465467,-162.640946,"RockSole",1.91,49.1969696969697
"Vesteraalen","Q3",57.465467,-162.640946,"StarryFlounder",0.61,1
"Vesteraalen","Q3",57.465467,-162.640946,"YellowfinSole",0.48,4.5
"Vesteraalen","Q4",57.299606,-162.644799,"Other",7.83,45.8021978021978
"Vesteraalen","Q4",57.299606,-162.644799,"Pollock",0.6,7
"Vesteraalen","Q4",57.299606,-162.644799,"RockSole",3.24,54.3233532934132
"Vesteraalen","Q4",57.299606,-162.644799,"StarryFlounder",1.48,4
"Vesteraalen","Q4",57.299606,-162.644799,"YellowfinSole",1,8
"Vesteraalen","Q5",57.133718,-162.648617,"GreatSculpin",0.7,2
"Vesteraalen","Q5",57.133718,-162.648617,"Other",22.8186685552408,64.5882406545296
"Vesteraalen","Q5",57.133718,-162.648617,"Pollock",0.85,8
"Vesteraalen","Q5",57.133718,-162.648617,"RockSole",35.0228441926346,378.333193438954
"Vesteraalen","Q5",57.133718,-162.648617,"StarryFlounder",13.139059490085,13.1830028328612
"Vesteraalen","Q5",57.133718,-162.648617,"YellowfinSole",20.6094277620397,158.534059707997
"Vesteraalen","Q6",56.967802,-162.652401,"GreatSculpin",0.37,1
"Vesteraalen","Q6",56.967802,-162.652401,"Halibut",0.29,2
"Vesteraalen","Q6",56.967802,-162.652401,"Other",59.0298186738836,103.964282167204
"Vesteraalen","Q6",56.967802,-162.652401,"Pollock",3.01,12
"Vesteraalen","Q6",56.967802,-162.652401,"RockSole",86.5536779431664,369.555029420261
"Vesteraalen","Q6",56.967802,-162.652401,"StarryFlounder",28.3277158322057,34.9006765899865
"Vesteraalen","Q6",56.967802,-162.652401,"YellowfinSole",57.8187875507443,254.79465700328
"Vesteraalen","Q7",56.801856,-162.656149,"GreatSculpin",3.08,2
"Vesteraalen","Q7",56.801856,-162.656149,"Halibut",0.33,2
"Vesteraalen","Q7",56.801856,-162.656149,"Other",51.471828009828,118.392107506393
"Vesteraalen","Q7",56.801856,-162.656149,"PacificCod",0.55,1
"Vesteraalen","Q7",56.801856,-162.656149,"Pollock",6.66,9.6
"Vesteraalen","Q7",56.801856,-162.656149,"RockSole",58.9795331695332,151.828501228501
"Vesteraalen","Q7",56.801856,-162.656149,"StarryFlounder",33.168687960688,23.358230958231
"Vesteraalen","Q7",56.801856,-162.656149,"YellowfinSole",343.949950859951,1121.57592671723
"Vesteraalen","Q8",56.63588,-162.659863,"Halibut",6.55,9
"Vesteraalen","Q8",56.63588,-162.659863,"Other",89.0912948960302,160.050282369709
"Vesteraalen","Q8",56.63588,-162.659863,"PacificCod",20.69,45.4271457085828
"Vesteraalen","Q8",56.63588,-162.659863,"Pollock",49.72,53.6271186440678
"Vesteraalen","Q8",56.63588,-162.659863,"RockSole",130.030127599244,397.574131148767
"Vesteraalen","Q8",56.63588,-162.659863,"YellowfinSole",111.008577504726,311.410200920848
"Vesteraalen","Q9",56.469873,-162.663544,"Halibut",1.38,3
"Vesteraalen","Q9",56.469873,-162.663544,"Other",90.035791481246,275.216147488875
"Vesteraalen","Q9",56.469873,-162.663544,"PacificCod",7.85,19
"Vesteraalen","Q9",56.469873,-162.663544,"Pollock",28,41.1764705882353
"Vesteraalen","Q9",56.469873,-162.663544,"RockSole",183.392790845518,496.775054209079
"Vesteraalen","Q9",56.469873,-162.663544,"YellowfinSole",4.86141767323586,8.38175460902734
"Vesteraalen","R1",57.793094,-162.164726,"Halibut",0.07,1
"Vesteraalen","R1",57.793094,-162.164726,"Other",1.29,22.0416666666667
"Vesteraalen","R1",57.793094,-162.164726,"PacificCod",0.01,1
"Vesteraalen","R1",57.793094,-162.164726,"Pollock",0.02,4
"Vesteraalen","R1",57.793094,-162.164726,"RockSole",4.9,115.9375
"Vesteraalen","R1",57.793094,-162.164726,"StarryFlounder",1.9,6.0126582278481
"Vesteraalen","R1",57.793094,-162.164726,"YellowfinSole",1.09,7
"Vesteraalen","R10",56.299971,-162.217801,"GreatSculpin",6.46,1
"Vesteraalen","R10",56.299971,-162.217801,"Other",48.8827842227378,41.6032482598608
"Vesteraalen","R10",56.299971,-162.217801,"PacificCod",17.46,17.3300248138958
"Vesteraalen","R10",56.299971,-162.217801,"Pollock",277.1,355.25641025641
"Vesteraalen","R10",56.299971,-162.217801,"RockSole",242.19837587007,791.497960359705
"Vesteraalen","R10",56.299971,-162.217801,"StarryFlounder",12.1809744779582,10.1508120649652
"Vesteraalen","R10",56.299971,-162.217801,"YellowfinSole",48.3178654292343,111.658932714617
"Vesteraalen","R11",56.133914,-162.223434,"GreatSculpin",5.52,2
"Vesteraalen","R11",56.133914,-162.223434,"Halibut",7.17,1.0814479638009
"Vesteraalen","R11",56.133914,-162.223434,"Other",27.4444287158746,32.3619817997978
"Vesteraalen","R11",56.133914,-162.223434,"PacificCod",24,23.1797919762259
"Vesteraalen","R11",56.133914,-162.223434,"Pollock",17.92,18.4742268041237
"Vesteraalen","R11",56.133914,-162.223434,"RockSole",173.536299292214,617.179307106202
"Vesteraalen","R11",56.133914,-162.223434,"YellowfinSole",13.799271991911,31.3619817997978
"Vesteraalen","R12",55.967823,-162.229016,"GreatSculpin",3.81,NA
"Vesteraalen","R12",55.967823,-162.229016,"Halibut",2.49,4
"Vesteraalen","R12",55.967823,-162.229016,"Other",33.6547689625109,25.3679163034002
"Vesteraalen","R12",55.967823,-162.229016,"PacificCod",16.48,27.8576512455516
"Vesteraalen","R12",55.967823,-162.229016,"Pollock",237.48,296.270752695051
"Vesteraalen","R12",55.967823,-162.229016,"RockSole",200.913897122929,640.457523296233
"Vesteraalen","R12",55.967823,-162.229016,"YellowfinSole",56.4013339145597,109.927637314734
"Vesteraalen","R13",55.801695,-162.234548,"GreatSculpin",2.13,1
"Vesteraalen","R13",55.801695,-162.234548,"Halibut",0.51,5
"Vesteraalen","R13",55.801695,-162.234548,"Other",5.2,2
"Vesteraalen","R13",55.801695,-162.234548,"PacificCod",0.03,2
"Vesteraalen","R13",55.801695,-162.234548,"Pollock",2.26,3
"Vesteraalen","R13",55.801695,-162.234548,"RockSole",24.73,64.8165322580645
"Vesteraalen","R13",55.801695,-162.234548,"YellowfinSole",1.54,5
"Vesteraalen","R2",57.627302,-162.170844,"Other",2.37,34
"Vesteraalen","R2",57.627302,-162.170844,"PacificCod",0.1,4
"Vesteraalen","R2",57.627302,-162.170844,"Pollock",0.04,12
"Vesteraalen","R2",57.627302,-162.170844,"RockSole",2.06,38.0307692307692
"Vesteraalen","R2",57.627302,-162.170844,"StarryFlounder",0.16,1
"Vesteraalen","R2",57.627302,-162.170844,"YellowfinSole",0.37,3
"Vesteraalen","R3",57.461485,-162.176905,"Other",3.49,30
"Vesteraalen","R3",57.461485,-162.176905,"Pollock",0.06,11
"Vesteraalen","R3",57.461485,-162.176905,"RockSole",2.28,42
"Vesteraalen","R3",57.461485,-162.176905,"YellowfinSole",0.92,5
"Vesteraalen","R4",57.295642,-162.18291,"Other",2.77,10
"Vesteraalen","R4",57.295642,-162.18291,"Pollock",0.01,3
"Vesteraalen","R4",57.295642,-162.18291,"RockSole",3.91,26.0088691796009
"Vesteraalen","R5",57.129772,-162.18886,"Halibut",0.15,1
"Vesteraalen","R5",57.129772,-162.18886,"Other",11.01,27.2363636363636
"Vesteraalen","R5",57.129772,-162.18886,"PacificCod",0.43,10
"Vesteraalen","R5",57.129772,-162.18886,"RockSole",24.3,237.073170731707
"Vesteraalen","R5",57.129772,-162.18886,"StarryFlounder",18.25,33.9219330855019
"Vesteraalen","R5",57.129772,-162.18886,"YellowfinSole",8.9,41.8823529411765
"Vesteraalen","R6",56.963873,-162.194754,"GreatSculpin",0.38,1
"Vesteraalen","R6",56.963873,-162.194754,"Other",50.135,78.9291787712279
"Vesteraalen","R6",56.963873,-162.194754,"Pollock",8.13,29
"Vesteraalen","R6",56.963873,-162.194754,"RockSole",56.92,420.073800738007
"Vesteraalen","R6",56.963873,-162.194754,"StarryFlounder",20.32,30.7296786389414
"Vesteraalen","R6",56.963873,-162.194754,"YellowfinSole",261.03,854.43535188216
"Vesteraalen","R7",56.797944,-162.200595,"GreatSculpin",0.84,1
"Vesteraalen","R7",56.797944,-162.200595,"Other",74.2432558139535,150.752120383037
"Vesteraalen","R7",56.797944,-162.200595,"PacificCod",0.08,1
"Vesteraalen","R7",56.797944,-162.200595,"Pollock",35.04,46.8905109489051
"Vesteraalen","R7",56.797944,-162.200595,"RockSole",47.1925581395349,160.883720930233
"Vesteraalen","R7",56.797944,-162.200595,"YellowfinSole",377.004186046512,1270.22973735348
"Vesteraalen","R8",56.631985,-162.206383,"GreatSculpin",1.26,1
"Vesteraalen","R8",56.631985,-162.206383,"Other",98.6459217391304,132.39347826087
"Vesteraalen","R8",56.631985,-162.206383,"PacificCod",4.5,6.39810426540284
"Vesteraalen","R8",56.631985,-162.206383,"Pollock",2.48,3
"Vesteraalen","R8",56.631985,-162.206383,"RockSole",107.797408695652,437.01652173913
"Vesteraalen","R8",56.631985,-162.206383,"YellowfinSole",382.146669565217,1044.11658351152
"Vesteraalen","R9",56.465995,-162.212118,"GreatSculpin",2.65,1
"Vesteraalen","R9",56.465995,-162.212118,"Halibut",2.76,5
"Vesteraalen","R9",56.465995,-162.212118,"Other",69.3678681985693,115.741146453568
"Vesteraalen","R9",56.465995,-162.212118,"PacificCod",33.02,60.2554744525547
"Vesteraalen","R9",56.465995,-162.212118,"Pollock",186.27,249.46875
"Vesteraalen","R9",56.465995,-162.212118,"RockSole",396.769594623889,1051.34800418772
"Vesteraalen","R9",56.465995,-162.212118,"YellowfinSole",27.4445371775417,52.2753089096033
"Vesteraalen","S1",57.787321,-161.696454,"Halibut",0.14,2
"Vesteraalen","S1",57.787321,-161.696454,"Other",1.69,25.6875
"Vesteraalen","S1",57.787321,-161.696454,"PacificCod",0.01,1
"Vesteraalen","S1",57.787321,-161.696454,"Pollock",0.02,9
"Vesteraalen","S1",57.787321,-161.696454,"RockSole",23.21,386.833333333333
"Vesteraalen","S1",57.787321,-161.696454,"StarryFlounder",5,NA
"Vesteraalen","S1",57.787321,-161.696454,"YellowfinSole",0.96,10
"Vesteraalen","S10",56.294425,-161.768526,"Halibut",0.12,1
"Vesteraalen","S10",56.294425,-161.768526,"Other",8.19,13
"Vesteraalen","S10",56.294425,-161.768526,"PacificCod",2.59,8
"Vesteraalen","S10",56.294425,-161.768526,"Pollock",10.52,15
"Vesteraalen","S10",56.294425,-161.768526,"RockSole",147.48,450.894267515924
"Vesteraalen","S10",56.294425,-161.768526,"StarryFlounder",156.76,173.008369355284
"Vesteraalen","S10",56.294425,-161.768526,"YellowfinSole",16.41,44.5923913043478
"Vesteraalen","S11",56.128392,-161.776174,"Halibut",1.47,15
"Vesteraalen","S11",56.128392,-161.776174,"Other",0.77,2
"Vesteraalen","S11",56.128392,-161.776174,"PacificCod",0.05,8
"Vesteraalen","S11",56.128392,-161.776174,"Pollock",0.01,4
"Vesteraalen","S11",56.128392,-161.776174,"RockSole",65.01,567.772925764192
"Vesteraalen","S11",56.128392,-161.776174,"StarryFlounder",2.17,3
"Vesteraalen","S11",56.128392,-161.776174,"YellowfinSole",3.29,15
"Vesteraalen","S12",55.962323,-161.783755,"Halibut",0.17,3
"Vesteraalen","S12",55.962323,-161.783755,"PacificCod",0.32,27
"Vesteraalen","S12",55.962323,-161.783755,"Pollock",0.19,21
"Vesteraalen","S12",55.962323,-161.783755,"RockSole",3.38,152.1
"Vesteraalen","S12",55.962323,-161.783755,"StarryFlounder",0.27,1
"Vesteraalen","S2",57.621556,-161.704761,"Halibut",0.12,1
"Vesteraalen","S2",57.621556,-161.704761,"Other",5.61,21
"Vesteraalen","S2",57.621556,-161.704761,"Pollock",0.05,5
"Vesteraalen","S2",57.621556,-161.704761,"RockSole",26.01,359.712765957447
"Vesteraalen","S2",57.621556,-161.704761,"StarryFlounder",8.63,21
"Vesteraalen","S2",57.621556,-161.704761,"YellowfinSole",2.99,27.1818181818182
"Vesteraalen","S3",57.455765,-161.712992,"Halibut",0.35,3
"Vesteraalen","S3",57.455765,-161.712992,"Other",3.91,16
"Vesteraalen","S3",57.455765,-161.712992,"RockSole",2.52,31.2396694214876
"Vesteraalen","S3",57.455765,-161.712992,"StarryFlounder",1.38,4
"Vesteraalen","S3",57.455765,-161.712992,"YellowfinSole",1.45,10
"Vesteraalen","S4",57.289948,-161.721146,"Halibut",0.18,1
"Vesteraalen","S4",57.289948,-161.721146,"Other",18.7,35.9303751736915
"Vesteraalen","S4",57.289948,-161.721146,"PacificCod",0.01,1
"Vesteraalen","S4",57.289948,-161.721146,"Pollock",0.04,3
"Vesteraalen","S4",57.289948,-161.721146,"RockSole",0.65,10
"Vesteraalen","S4",57.289948,-161.721146,"StarryFlounder",13.53,30.6802721088435
"Vesteraalen","S4",57.289948,-161.721146,"YellowfinSole",3.45,21
"Vesteraalen","S5",57.124102,-161.729225,"Other",12.43,20.1022727272727
"Vesteraalen","S5",57.124102,-161.729225,"Pollock",1.89,9
"Vesteraalen","S5",57.124102,-161.729225,"RockSole",17.16,120.12
"Vesteraalen","S5",57.124102,-161.729225,"StarryFlounder",4.3,9
"Vesteraalen","S5",57.124102,-161.729225,"YellowfinSole",20.44,85.5059760956175
"Vesteraalen","S6",56.958229,-161.737229,"GreatSculpin",4.66,6
"Vesteraalen","S6",56.958229,-161.737229,"Halibut",0.75,4
"Vesteraalen","S6",56.958229,-161.737229,"Other",20.34,29.9130434782609
"Vesteraalen","S6",56.958229,-161.737229,"PacificCod",1.57,1.9873417721519
"Vesteraalen","S6",56.958229,-161.737229,"Pollock",12.73,12.9633401221996
"Vesteraalen","S6",56.958229,-161.737229,"RockSole",70.55,625.846774193548
"Vesteraalen","S6",56.958229,-161.737229,"StarryFlounder",0.78,1
"Vesteraalen","S6",56.958229,-161.737229,"YellowfinSole",34.32,165.821376281113
"Vesteraalen","S7",56.792325,-161.745161,"GreatSculpin",3.32,3
"Vesteraalen","S7",56.792325,-161.745161,"Other",8.24,9
"Vesteraalen","S7",56.792325,-161.745161,"PacificCod",32.35,51.2407602956705
"Vesteraalen","S7",56.792325,-161.745161,"Pollock",142.74,160.261976047904
"Vesteraalen","S7",56.792325,-161.745161,"RockSole",138.872722772277,437.88696369637
"Vesteraalen","S7",56.792325,-161.745161,"YellowfinSole",2135.63727722772,5920.57859033428
"Vesteraalen","S8",56.62639,-161.75302,"Other",171.219128440367,233.926519267847
"Vesteraalen","S8",56.62639,-161.75302,"PacificCod",14.94,23
"Vesteraalen","S8",56.62639,-161.75302,"Pollock",107.39,132.785162287481
"Vesteraalen","S8",56.62639,-161.75302,"RockSole",104.778724770642,418.069724770642
"Vesteraalen","S8",56.62639,-161.75302,"YellowfinSole",327.662146788991,897.70451175066
"Vesteraalen","S9",56.460424,-161.760808,"GreatSculpin",8.99,2
"Vesteraalen","S9",56.460424,-161.760808,"Other",184.607343915344,406.827858140053
"Vesteraalen","S9",56.460424,-161.760808,"PacificCod",28.19,26.7909186906019
"Vesteraalen","S9",56.460424,-161.760808,"Pollock",83.68,114.483112441214
"Vesteraalen","S9",56.460424,-161.760808,"RockSole",51.7180555555556,177.319047619048
"Vesteraalen","S9",56.460424,-161.760808,"StarryFlounder",9.65403703703704,9.8510582010582
"Vesteraalen","S9",56.460424,-161.760808,"YellowfinSole",130.920563492064,334.835200746965
"Vesteraalen","T1",57.779796,-161.228357,"Other",4.16,21
"Vesteraalen","T1",57.779796,-161.228357,"PacificCod",0.01,1
"Vesteraalen","T1",57.779796,-161.228357,"Pollock",0.02,3
"Vesteraalen","T1",57.779796,-161.228357,"RockSole",13.96,185.63829787234
"Vesteraalen","T1",57.779796,-161.228357,"StarryFlounder",2.38,7
"Vesteraalen","T1",57.779796,-161.228357,"YellowfinSole",1.62,7
"Vesteraalen","T10",56.287194,-161.319406,"GreatSculpin",0.91,1
"Vesteraalen","T10",56.287194,-161.319406,"Halibut",0.77,10
"Vesteraalen","T10",56.287194,-161.319406,"Other",3.61,2
"Vesteraalen","T10",56.287194,-161.319406,"PacificCod",6.6,1
"Vesteraalen","T10",56.287194,-161.319406,"Pollock",3.06,3
"Vesteraalen","T10",56.287194,-161.319406,"RockSole",31.51,327.219230769231
"Vesteraalen","T10",56.287194,-161.319406,"StarryFlounder",7.26,12
"Vesteraalen","T10",56.287194,-161.319406,"YellowfinSole",3.61,17.2727272727273
"Vesteraalen","T11",56.121192,-161.329069,"Halibut",0.16,3
"Vesteraalen","T11",56.121192,-161.329069,"Other",1.83,6
"Vesteraalen","T11",56.121192,-161.329069,"PacificCod",0.01,1
"Vesteraalen","T11",56.121192,-161.329069,"RockSole",33.43,206.868811881188
"Vesteraalen","T11",56.121192,-161.329069,"YellowfinSole",0.85,5
"Vesteraalen","T2",57.614065,-161.238852,"GreatSculpin",0.18,2
"Vesteraalen","T2",57.614065,-161.238852,"Halibut",0.18,3
"Vesteraalen","T2",57.614065,-161.238852,"Other",8.37,27
"Vesteraalen","T2",57.614065,-161.238852,"PacificCod",0.13,10
"Vesteraalen","T2",57.614065,-161.238852,"Pollock",0.01,3
"Vesteraalen","T2",57.614065,-161.238852,"RockSole",26.86,253.028985507246
"Vesteraalen","T2",57.614065,-161.238852,"StarryFlounder",8.46,15
"Vesteraalen","T2",57.614065,-161.238852,"YellowfinSole",2.62,13
"Vesteraalen","T3",57.448308,-161.24925,"GreatSculpin",0.47,1
"Vesteraalen","T3",57.448308,-161.24925,"Halibut",0.91,8
"Vesteraalen","T3",57.448308,-161.24925,"Other",36.69,59.384
"Vesteraalen","T3",57.448308,-161.24925,"RockSole",27.23,191.087719298246
"Vesteraalen","T3",57.448308,-161.24925,"StarryFlounder",8.11,18
"Vesteraalen","T3",57.448308,-161.24925,"YellowfinSole",32.45,126.264591439689
"Vesteraalen","T4",57.282524,-161.259551,"GreatSculpin",5.7,6
"Vesteraalen","T4",57.282524,-161.259551,"Halibut",0.45,2
"Vesteraalen","T4",57.282524,-161.259551,"Other",28.44,53.6204221184825
"Vesteraalen","T4",57.282524,-161.259551,"Pollock",3.42,9
"Vesteraalen","T4",57.282524,-161.259551,"RockSole",38.21,177.900809716599
"Vesteraalen","T4",57.282524,-161.259551,"StarryFlounder",7.21,13
"Vesteraalen","T4",57.282524,-161.259551,"YellowfinSole",74.1,271.677360219982
"Vesteraalen","T5",57.116712,-161.269757,"GreatSculpin",3.78,4
"Vesteraalen","T5",57.116712,-161.269757,"Halibut",0.37,2
"Vesteraalen","T5",57.116712,-161.269757,"Other",53.27,53.1473522640061
"Vesteraalen","T5",57.116712,-161.269757,"Pollock",27.32,24.2198581560284
"Vesteraalen","T5",57.116712,-161.269757,"RockSole",176.362419928826,734.843416370107
"Vesteraalen","T5",57.116712,-161.269757,"StarryFlounder",74.7811241364873,43.2260833158886
"Vesteraalen","T5",57.116712,-161.269757,"YellowfinSole",1813.76645593469,4962.42532403471
"Vesteraalen","T6",56.95087,-161.279869,"Halibut",0.43,1
"Vesteraalen","T6",56.95087,-161.279869,"Other",59.6640871934605,63.7299001836645
"Vesteraalen","T6",56.95087,-161.279869,"PacificCod",2.25,10
"Vesteraalen","T6",56.95087,-161.279869,"Pollock",24.82,26.1263157894737
"Vesteraalen","T6",56.95087,-161.279869,"RockSole",499.992007266122,1288.63919398485
"Vesteraalen","T6",56.95087,-161.279869,"YellowfinSole",765.903905540418,1763.13053761606
"Vesteraalen","T7",56.784999,-161.289889,"GreatSculpin",16.25,5
"Vesteraalen","T7",56.784999,-161.289889,"Halibut",0.61,2
"Vesteraalen","T7",56.784999,-161.289889,"Other",13.01,11
"Vesteraalen","T7",56.784999,-161.289889,"PacificCod",4.12,9
"Vesteraalen","T7",56.784999,-161.289889,"Pollock",41.76,44.1515418502203
"Vesteraalen","T7",56.784999,-161.289889,"RockSole",202.6,652.009419152276
"Vesteraalen","T7",56.784999,-161.289889,"StarryFlounder",17.49,15.6533412887828
"Vesteraalen","T7",56.784999,-161.289889,"YellowfinSole",55.36,122.036072144289
"Vesteraalen","T8",56.619097,-161.299817,"GreatSculpin",3.6,2
"Vesteraalen","T8",56.619097,-161.299817,"Other",31.3191095591445,24.4321257092972
"Vesteraalen","T8",56.619097,-161.299817,"PacificCod",3.29,14
"Vesteraalen","T8",56.619097,-161.299817,"Pollock",62.87,56.2498279421886
"Vesteraalen","T8",56.619097,-161.299817,"RockSole",193.721641204714,363.877859150178
"Vesteraalen","T8",56.619097,-161.299817,"StarryFlounder",32.3791008293322,36.8642514185945
"Vesteraalen","T8",56.619097,-161.299817,"YellowfinSole",185.980148406809,477.839461761917
"Vesteraalen","T9",56.453162,-161.309656,"GreatSculpin",2.51,3
"Vesteraalen","T9",56.453162,-161.309656,"Halibut",0.84,4
"Vesteraalen","T9",56.453162,-161.309656,"Other",3.1,4
"Vesteraalen","T9",56.453162,-161.309656,"PacificCod",0.86,5
"Vesteraalen","T9",56.453162,-161.309656,"Pollock",13.75,23
"Vesteraalen","T9",56.453162,-161.309656,"RockSole",199.08,919.538106235566
"Vesteraalen","T9",56.453162,-161.309656,"StarryFlounder",5.35,4
"Vesteraalen","T9",56.453162,-161.309656,"YellowfinSole",10.5,29.384328358209
"Vesteraalen","U1",57.77052,-160.760484,"GreatSculpin",0.21,3
"Vesteraalen","U1",57.77052,-160.760484,"Halibut",0.06,1
"Vesteraalen","U1",57.77052,-160.760484,"Other",1.35,28
"Vesteraalen","U1",57.77052,-160.760484,"PacificCod",0.07,5
"Vesteraalen","U1",57.77052,-160.760484,"Pollock",0.03,25
"Vesteraalen","U1",57.77052,-160.760484,"RockSole",29.16,34.4618181818182
"Vesteraalen","U1",57.77052,-160.760484,"StarryFlounder",1.36,4
"Vesteraalen","U1",57.77052,-160.760484,"YellowfinSole",0.44,4
"Vesteraalen","U10",56.278279,-160.870484,"Other",2.34,25
"Vesteraalen","U10",56.278279,-160.870484,"PacificCod",0.02,4
"Vesteraalen","U10",56.278279,-160.870484,"Pollock",0.08,3
"Vesteraalen","U10",56.278279,-160.870484,"RockSole",0.38,18
"Vesteraalen","U10",56.278279,-160.870484,"YellowfinSole",0.5,3
"Vesteraalen","U11",56.112315,-160.882158,"Other",0.21,7
"Vesteraalen","U11",56.112315,-160.882158,"PacificCod",0.08,5
"Vesteraalen","U11",56.112315,-160.882158,"Pollock",0.1,17
"Vesteraalen","U11",56.112315,-160.882158,"RockSole",0.14,21
"Vesteraalen","U11",56.112315,-160.882158,"StarryFlounder",0.51,4
"Vesteraalen","U11",56.112315,-160.882158,"YellowfinSole",0.36,6
"Vesteraalen","U2",57.60483,-160.773163,"GreatSculpin",1.7,9
"Vesteraalen","U2",57.60483,-160.773163,"Halibut",0.61,4
"Vesteraalen","U2",57.60483,-160.773163,"Other",19.46,56.9940652818991
"Vesteraalen","U2",57.60483,-160.773163,"PacificCod",1.05,10
"Vesteraalen","U2",57.60483,-160.773163,"RockSole",36.47,449.137931034483
"Vesteraalen","U2",57.60483,-160.773163,"StarryFlounder",6.13,17
"Vesteraalen","U2",57.60483,-160.773163,"YellowfinSole",7.64,36.3809523809524
"Vesteraalen","U3",57.439115,-160.785724,"GreatSculpin",6.53,8.45854922279793
"Vesteraalen","U3",57.439115,-160.785724,"Halibut",1.68,19
"Vesteraalen","U3",57.439115,-160.785724,"Other",48.89,72.6865671641791
"Vesteraalen","U3",57.439115,-160.785724,"Pollock",2.61,6
"Vesteraalen","U3",57.439115,-160.785724,"RockSole",63.94,630.986842105263
"Vesteraalen","U3",57.439115,-160.785724,"StarryFlounder",18.13,41.9675925925926
"Vesteraalen","U3",57.439115,-160.785724,"YellowfinSole",12.02,67.5280898876404
"Vesteraalen","U4",57.273372,-160.798169,"GreatSculpin",18.3,33.4348355663825
"Vesteraalen","U4",57.273372,-160.798169,"Halibut",1.72,15
"Vesteraalen","U4",57.273372,-160.798169,"Other",34.05,106.046329294369
"Vesteraalen","U4",57.273372,-160.798169,"PacificCod",1.35,39.7058823529412
"Vesteraalen","U4",57.273372,-160.798169,"RockSole",119.12,792.473879483134
"Vesteraalen","U4",57.273372,-160.798169,"StarryFlounder",7.14,10
"Vesteraalen","U4",57.273372,-160.798169,"YellowfinSole",41.03,373
"Vesteraalen","U5",57.1076,-160.810499,"GreatSculpin",5.41,5.73498233215548
"Vesteraalen","U5",57.1076,-160.810499,"Halibut",0.49,4
"Vesteraalen","U5",57.1076,-160.810499,"Other",17.1795370796868,19.7431358019746
"Vesteraalen","U5",57.1076,-160.810499,"PacificCod",0.18,10
"Vesteraalen","U5",57.1076,-160.810499,"Pollock",0.87,2
"Vesteraalen","U5",57.1076,-160.810499,"RockSole",76.882823583602,375.648975164179
"Vesteraalen","U5",57.1076,-160.810499,"StarryFlounder",3.07173422385997,2.98226623675725
"Vesteraalen","U5",57.1076,-160.810499,"YellowfinSole",177.265905112851,562.154033127435
"Vesteraalen","U6",56.941799,-160.822716,"GreatSculpin",10.21,6
"Vesteraalen","U6",56.941799,-160.822716,"Halibut",0.87,6
"Vesteraalen","U6",56.941799,-160.822716,"Other",14.89,18.7464028776978
"Vesteraalen","U6",56.941799,-160.822716,"PacificCod",1.33,27
"Vesteraalen","U6",56.941799,-160.822716,"Pollock",3.91,39.8979591836735
"Vesteraalen","U6",56.941799,-160.822716,"RockSole",432.759004179105,2209.83321282947
"Vesteraalen","U6",56.941799,-160.822716,"StarryFlounder",7.15536955223881,11.2682985074627
"Vesteraalen","U6",56.941799,-160.822716,"YellowfinSole",31.9456262686567,73.2439402985075
"Vesteraalen","U7",56.775968,-160.834822,"GreatSculpin",2.91,3.89732142857143
"Vesteraalen","U7",56.775968,-160.834822,"Halibut",2.39,16
"Vesteraalen","U7",56.775968,-160.834822,"Other",19.58,7.82242990654206
"Vesteraalen","U7",56.775968,-160.834822,"PacificCod",8.9,25.6484149855908
"Vesteraalen","U7",56.775968,-160.834822,"Pollock",44.94,151.256544502618
"Vesteraalen","U7",56.775968,-160.834822,"RockSole",238.65,937.480785653288
"Vesteraalen","U7",56.775968,-160.834822,"StarryFlounder",22.71,30.8280542986425
"Vesteraalen","U7",56.775968,-160.834822,"YellowfinSole",293.03,1015.11547344111
"Vesteraalen","U8",56.610105,-160.846817,"Other",1.62,2
"Vesteraalen","U8",56.610105,-160.846817,"PacificCod",0.1,2
"Vesteraalen","U8",56.610105,-160.846817,"Pollock",2.15,11
"Vesteraalen","U8",56.610105,-160.846817,"YellowfinSole",5.22,36
"Vesteraalen","U9",56.444209,-160.858704,"Halibut",0.86,11
"Vesteraalen","U9",56.444209,-160.858704,"PacificCod",0.18,8
"Vesteraalen","U9",56.444209,-160.858704,"Pollock",0.17,28
"Vesteraalen","U9",56.444209,-160.858704,"RockSole",14.25,232.162921348315
"Vesteraalen","U9",56.444209,-160.858704,"StarryFlounder",6.86,7
"Vesteraalen","U9",56.444209,-160.858704,"YellowfinSole",4.56,26
"Vesteraalen","V1",57.759493,-160.292879,"GreatSculpin",0.66,6
"Vesteraalen","V1",57.759493,-160.292879,"Halibut",0.03,1
"Vesteraalen","V1",57.759493,-160.292879,"Other",3.29,30.268
"Vesteraalen","V1",57.759493,-160.292879,"PacificCod",0.1,2
"Vesteraalen","V1",57.759493,-160.292879,"Pollock",0.07,25
"Vesteraalen","V1",57.759493,-160.292879,"RockSole",6.59,213.205882352941
"Vesteraalen","V1",57.759493,-160.292879,"StarryFlounder",3.14,9
"Vesteraalen","V1",57.759493,-160.292879,"YellowfinSole",0.34,5
"Vesteraalen","V2",57.593853,-160.307739,"GreatSculpin",0.09,2
"Vesteraalen","V2",57.593853,-160.307739,"Halibut",0.01,2
"Vesteraalen","V2",57.593853,-160.307739,"Other",1.09,12
"Vesteraalen","V2",57.593853,-160.307739,"PacificCod",0.14,14
"Vesteraalen","V2",57.593853,-160.307739,"Pollock",0.09,23
"Vesteraalen","V2",57.593853,-160.307739,"RockSole",9.27,269.476744186047
"Vesteraalen","V2",57.593853,-160.307739,"StarryFlounder",4.18,17
"Vesteraalen","V2",57.593853,-160.307739,"YellowfinSole",1.36,16
"Vesteraalen","V3",57.428187,-160.322461,"GreatSculpin",0.33,3
"Vesteraalen","V3",57.428187,-160.322461,"Halibut",0.37,4
"Vesteraalen","V3",57.428187,-160.322461,"Other",8.13,60.3712871287129
"Vesteraalen","V3",57.428187,-160.322461,"PacificCod",0.15,16
"Vesteraalen","V3",57.428187,-160.322461,"RockSole",6.34,129.441666666667
"Vesteraalen","V3",57.428187,-160.322461,"StarryFlounder",16.44,35
"Vesteraalen","V3",57.428187,-160.322461,"YellowfinSole",2.83,9
"Vesteraalen","V4",57.262493,-160.337046,"GreatSculpin",0.75,6
"Vesteraalen","V4",57.262493,-160.337046,"Halibut",2.2,25
"Vesteraalen","V4",57.262493,-160.337046,"Other",17.4,72.1111111111111
"Vesteraalen","V4",57.262493,-160.337046,"PacificCod",0.1,2
"Vesteraalen","V4",57.262493,-160.337046,"RockSole",40.89,216.349206349206
"Vesteraalen","V4",57.262493,-160.337046,"StarryFlounder",36.61,79.5869565217391
"Vesteraalen","V4",57.262493,-160.337046,"YellowfinSole",10.1,34
"Vesteraalen","V5",57.096769,-160.351497,"GreatSculpin",1.9,6
"Vesteraalen","V5",57.096769,-160.351497,"Halibut",2.01,21
"Vesteraalen","V5",57.096769,-160.351497,"Other",23.52,39.1746987951807
"Vesteraalen","V5",57.096769,-160.351497,"PacificCod",0.08,13
"Vesteraalen","V5",57.096769,-160.351497,"RockSole",54.13,411.322188449848
"Vesteraalen","V5",57.096769,-160.351497,"StarryFlounder",14.02,22
"Vesteraalen","V5",57.096769,-160.351497,"YellowfinSole",4.74,16
"Vesteraalen","V6",56.931016,-160.365815,"GreatSculpin",2.57,4
"Vesteraalen","V6",56.931016,-160.365815,"Halibut",1.35,11
"Vesteraalen","V6",56.931016,-160.365815,"Other",2.76,6
"Vesteraalen","V6",56.931016,-160.365815,"PacificCod",0.11,5
"Vesteraalen","V6",56.931016,-160.365815,"Pollock",3.1,3
"Vesteraalen","V6",56.931016,-160.365815,"RockSole",74.41,390.824922760041
"Vesteraalen","V6",56.931016,-160.365815,"StarryFlounder",5.8,6.65137614678899
"Vesteraalen","V6",56.931016,-160.365815,"YellowfinSole",0.98,4
"Vesteraalen","V7",56.765232,-160.380003,"GreatSculpin",2.11,1
"Vesteraalen","V7",56.765232,-160.380003,"Halibut",0.26,2
"Vesteraalen","V7",56.765232,-160.380003,"Other",0.82,5
"Vesteraalen","V7",56.765232,-160.380003,"PacificCod",0.02,1
"Vesteraalen","V7",56.765232,-160.380003,"RockSole",74.62,703.106382978723
"Vesteraalen","V7",56.765232,-160.380003,"StarryFlounder",7.33,11
"Vesteraalen","V7",56.765232,-160.380003,"YellowfinSole",1.37,7
"Vesteraalen","V8",56.599416,-160.394061,"GreatSculpin",0.77,4
"Vesteraalen","V8",56.599416,-160.394061,"Halibut",0.63,9
"Vesteraalen","V8",56.599416,-160.394061,"Other",4.96,14
"Vesteraalen","V8",56.599416,-160.394061,"RockSole",25.34,254.717504332756
"Vesteraalen","V8",56.599416,-160.394061,"StarryFlounder",5.87,8
"Vesteraalen","V8",56.599416,-160.394061,"YellowfinSole",2.75,20
"Vesteraalen","V9",56.433566,-160.407993,"GreatSculpin",0.04,4
"Vesteraalen","V9",56.433566,-160.407993,"Halibut",0.21,5
"Vesteraalen","V9",56.433566,-160.407993,"Other",1.03,83
"Vesteraalen","V9",56.433566,-160.407993,"PacificCod",0.27,29
"Vesteraalen","V9",56.433566,-160.407993,"Pollock",0.12,15
"Vesteraalen","V9",56.433566,-160.407993,"RockSole",4.37,82.9746835443038
"Vesteraalen","V9",56.433566,-160.407993,"YellowfinSole",0.46,2
"Vesteraalen","W1",57.746717,-159.82559,"Other",2.54,130.25641025641
"Vesteraalen","W1",57.746717,-159.82559,"PacificCod",0.06,5
"Vesteraalen","W1",57.746717,-159.82559,"Pollock",0.28,87.1111111111111
"Vesteraalen","W1",57.746717,-159.82559,"RockSole",4.7,167.857142857143
"Vesteraalen","W1",57.746717,-159.82559,"StarryFlounder",0.17,2
"Vesteraalen","W1",57.746717,-159.82559,"YellowfinSole",0.43,6
"Vesteraalen","W2",57.581135,-159.842626,"GreatSculpin",0.02,1
"Vesteraalen","W2",57.581135,-159.842626,"Halibut",0.06,2
"Vesteraalen","W2",57.581135,-159.842626,"Other",0.46,27
"Vesteraalen","W2",57.581135,-159.842626,"PacificCod",0.01,3
"Vesteraalen","W2",57.581135,-159.842626,"Pollock",0.09,18
"Vesteraalen","W2",57.581135,-159.842626,"RockSole",6.64,185.529411764706
"Vesteraalen","W2",57.581135,-159.842626,"YellowfinSole",1.17,11
"Vesteraalen","W3",57.415526,-159.859503,"GreatSculpin",0.08,2
"Vesteraalen","W3",57.415526,-159.859503,"Halibut",0.16,3
"Vesteraalen","W3",57.415526,-159.859503,"Other",2.5,15
"Vesteraalen","W3",57.415526,-159.859503,"PacificCod",0.03,4
"Vesteraalen","W3",57.415526,-159.859503,"Pollock",0.03,8
"Vesteraalen","W3",57.415526,-159.859503,"RockSole",3.83,69
"Vesteraalen","W3",57.415526,-159.859503,"StarryFlounder",3.49,8
"Vesteraalen","W3",57.415526,-159.859503,"YellowfinSole",1.74,9
"Vesteraalen","W4",57.249888,-159.876225,"GreatSculpin",0.12,2
"Vesteraalen","W4",57.249888,-159.876225,"Halibut",0.31,5
"Vesteraalen","W4",57.249888,-159.876225,"Other",3.57,18
"Vesteraalen","W4",57.249888,-159.876225,"PacificCod",0.02,5
"Vesteraalen","W4",57.249888,-159.876225,"Pollock",0.08,25
"Vesteraalen","W4",57.249888,-159.876225,"RockSole",4.38,68
"Vesteraalen","W4",57.249888,-159.876225,"StarryFlounder",1.46,3
"Vesteraalen","W4",57.249888,-159.876225,"YellowfinSole",2.09,7
"Vesteraalen","W5",57.084221,-159.892792,"GreatSculpin",2.49,10
"Vesteraalen","W5",57.084221,-159.892792,"Halibut",1.56,18
"Vesteraalen","W5",57.084221,-159.892792,"Other",16.37,51.5196850393701
"Vesteraalen","W5",57.084221,-159.892792,"PacificCod",0.18,11
"Vesteraalen","W5",57.084221,-159.892792,"RockSole",54.56,900.504854368932
"Vesteraalen","W5",57.084221,-159.892792,"StarryFlounder",5.56,12
"Vesteraalen","W5",57.084221,-159.892792,"YellowfinSole",5.68,13
"Vesteraalen","W6",56.918523,-159.909208,"GreatSculpin",1.35,7
"Vesteraalen","W6",56.918523,-159.909208,"Halibut",1.12,12
"Vesteraalen","W6",56.918523,-159.909208,"Other",1.42,17
"Vesteraalen","W6",56.918523,-159.909208,"PacificCod",0.09,4
"Vesteraalen","W6",56.918523,-159.909208,"Pollock",1.68,1
"Vesteraalen","W6",56.918523,-159.909208,"RockSole",56.06,392.505327245053
"Vesteraalen","W6",56.918523,-159.909208,"StarryFlounder",3.84,7
"Vesteraalen","W6",56.918523,-159.909208,"YellowfinSole",11.52,38
"Vesteraalen","W7",56.752794,-159.925473,"Halibut",2.64,20
"Vesteraalen","W7",56.752794,-159.925473,"Other",3.77,18
"Vesteraalen","W7",56.752794,-159.925473,"PacificCod",0.04,6
"Vesteraalen","W7",56.752794,-159.925473,"RockSole",27.45,139.791666666667
"Vesteraalen","W7",56.752794,-159.925473,"StarryFlounder",2.78,4
"Vesteraalen","W7",56.752794,-159.925473,"YellowfinSole",9.84,17.4468085106383
"Vesteraalen","W8",56.587032,-159.941591,"GreatSculpin",0.1,1
"Vesteraalen","W8",56.587032,-159.941591,"Halibut",0.1,1
"Vesteraalen","W8",56.587032,-159.941591,"Other",1.12,48
"Vesteraalen","W8",56.587032,-159.941591,"PacificCod",0.14,9
"Vesteraalen","W8",56.587032,-159.941591,"RockSole",0.23,16
"Vesteraalen","W8",56.587032,-159.941591,"StarryFlounder",0.57,4
"Vesteraalen","W8",56.587032,-159.941591,"YellowfinSole",2.21,37.1592920353982
